YEAR,COU,ISD,OC,HOS,ODE,GOL,ECUD,FMLR,CED,ESD1,ESD2
2025,0.00438950,0.01004800,0.00176887,0.00133344,0.00470700,0.00191762,0.00000000,0.00000000,0.00080000,0.00080000